﻿ID(編號),Name(名稱),Area(行政區),Address(地址),Quantity(電池數量),Longitude(經度),Latitude(緯度),Remark(備註廠商)
1,臺北市公有士東市場站,士林區,臺北市士林區士東路100號,60,121.5297931,25.11205768,Gogoro Network
2,士林運動中心站,士林區,臺北市士林區士商路1號,40,121.5219514,25.08954828,Gogoro Network
3,西歐台北士林加油站,士林區,臺北市士林區中山北路五段570號旁,60,121.5286559,25.09537662,Gogoro Network
4,全聯士林中正店站,士林區,臺北市士林區中正路115號,32,121.5288867,25.09598354,Gogoro Network
5,台北捷運士林站,士林區,臺北市士林區中正路福德路1號捷運2號出入口,60,121.5261332,25.0929077,Gogoro Network
6,故宮廣場停車場站,士林區,臺北市士林區至善路二段與力行路口,60,121.5484903,25.09887618,Gogoro Network
7,社子國小地下停車場B1F站,士林區,臺北市士林區延平北路6段308號,40,121.5030368,25.0905978,Gogoro Network
8,延平北路5段臨時平面停車場站,士林區,臺北市士林區延平北路五段1巷,30,121.5097597,25.07899694,Gogoro Network
9,Gogoro 天母忠誠門市站,士林區,臺北市士林區忠誠路一段101號,40,121.5291997,25.10618115,Gogoro Network
10,天母大葉高島屋百貨公司站,士林區,臺北市士林區忠誠路二段55號,60,121.5351221,25.11224329,Gogoro Network
11,Gogoro 士林承德服務中心站,士林區,臺北市士林區承德路四段340號,24,121.5178019,25.09018841,Gogoro Network
12,宏佳騰士林承德店站,士林區,臺北市士林區承德路四段83號,24,121.5240752,25.08296081,Gogoro Network
13,全家大港店站,士林區,臺北市士林區前港街39號,24,121.5215684,25.0849959,Gogoro Network
14,摩斯漢堡格致店站,士林區,臺北市士林區格致路59號1樓,60,121.5468753,25.1381165,Gogoro Network
15,台北捷運劍潭站,士林區,臺北市士林區中山北路五段65號,40,121.5284273,25.0841062,Gogoro Network
16,台灣聯通士林官邸場站,士林區,臺北市士林區福林路100巷11弄交叉口,48,121.533233,25.0961021,Gogoro Network
17,台北捷運芝山站,士林區,臺北市士林區福國路70號捷運站1號出口,60,121.5245649,25.10252817,Gogoro Network
18,臺北市樹德公園站,大同區,臺北市大同區大龍街91巷7號對面,120,121.5170376,25.06758593,Gogoro Network
19,PGO 大同延平店站,大同區,臺北市大同區延平北路三段73之1號,24,121.511097,25.0667659,Gogoro Network
20,啟聰學校地下停車場B1F站,大同區,臺北市大同區延平北路四段205號,24,121.511706,25.074343,Gogoro Network
21,建成公園地下停車場B1F站,大同區,臺北市大同區承德路二段31號,40,121.5184286,25.0540267,Gogoro Network
22,Gogoro 圓山服務中心站,大同區,臺北市大同區承德路三段237號,40,121.5188456,25.0710219,Gogoro Network
23,建成國中地下停車場B1F站,大同區,臺北市大同區長安西路37號之1,40,121.5196574,25.0504086,Gogoro Network
24,第一銀行大稻程分行站,大同區,臺北市大同區迪化街一段63號,40,121.5101501,25.0557807,Gogoro Network
25,第一銀行重慶北路站,大同區,臺北市大同區重慶北路二段180號,60,121.5130694,25.0601377,Gogoro Network
26,臺北市四維廣場停車場站,大安區,臺北市大安區四維路78號對面,60,121.548108,25.034148,Gogoro Network
27,Gogoro 師大和平店站,大安區,臺北市大安區和平東路一段129號,64,121.5296523,25.02703327,Gogoro Network
28,台北捷運六張犁站,大安區,臺北市大安區和平東路三段168號,90,121.5537197,25.02421276,Gogoro Network
29,國立臺北教育大學站,大安區,臺北市大安區臥龍街20之1號旁,120,121.546412,25.02460204,Gogoro Network
30,台北陽光加油站,大安區,臺北市大安區建國南路一段57-1號,24,121.5370625,25.04450199,Gogoro Network
31,eReady 大安建國店站,大安區,臺北市大安區建國南路二段73號,40,121.538741,25.03123993,Gogoro Network
32,勝利加油站,大安區,臺北市大安區建國南路二段75-1號,90,121.5383518,25.031177,Gogoro Network
33,普客泰順街第二停車場站,大安區,臺北市大安區泰順街34號北側空地,48,121.5313403,25.02510842,Gogoro Network
34,更生保護會基隆路站,大安區,臺北市大安區基隆路二段166-1號旁,90,121.5555489,25.02725884,Gogoro Network
35,國立臺灣科技大學站,大安區,臺北市大安區基隆路四段43號,60,121.5413637,25.01329565,Gogoro Network
36,7-ELEVEN 華電店站,大安區,臺北市大安區通化街177號,24,121.5536978,25.02774233,Gogoro Network
37,7-ELEVEN 誠安店站,大安區,臺北市大安區敦化南路1段247巷12號,24,121.5496036,25.03912289,Gogoro Network
38,MissGreen 美式蔬食餐廳站,大安區,臺北市大安區敦化南路二段63巷28號,16,121.5506812,25.03120012,Gogoro Network
39,禾典溫州停車場站,大安區,臺北市大安區溫州街26號旁,60,121.5331865,25.02310716,Gogoro Network
40,Gogoro 大安潮州服務中心站,大安區,臺北市大安區潮州街94號,120,121.5254282,25.02915754,Gogoro Network
41,臺大二活停車場站,大安區,臺北市大安區羅斯福路4段107號,80,121.5373825,25.01312908,Gogoro Network
42,實踐大學站,中山區,臺北市中山區大直街70號,60,121.5460588,25.08392371,Gogoro Network
43,第一銀行中山分行站,中山區,臺北市中山區中山北路二段59巷3弄7號,40,121.523544,25.056191,Gogoro Network
44,全家美華店站,中山區,臺北市中山區北安路819之1號,24,121.5561812,25.08505985,Gogoro Network
45,國立臺北大學臺北校區站,中山區,臺北市中山區民生東路三段67號,90,121.5431473,25.05807836,Gogoro Network
46,臺北市新生公園停車場站,中山區,臺北市中山區民族東路與吉林路口,120,121.53104,25.068626,Gogoro Network
47,台北捷運民權西路站,中山區,臺北市中山區民權西路72號捷運3號出入口,180,121.519983,25.061228,Gogoro Network
48,Gogoro 中山松江服務中心站,中山區,臺北市中山區松江路530號,24,121.5331771,25.06701232,Gogoro Network
49,合作金庫銀行自強分行站,中山區,臺北市中山區南京東路二段85號,32,121.5318709,25.0523729,Gogoro Network
50,臺北市建國北路高架橋下停車場站,中山區,臺北市中山區建國北路一段13號對面,120,121.536697,25.046727,Gogoro Network
51,便利停車場建國站,中山區,臺北市中山區建國北路二段11巷內空地,40,121.5378941,25.05353063,Gogoro Network
52,7-ELEVEN 金宴店站,中山區,臺北市中山區建國北路二段151巷8號,30,121.5385927,25.06194399,Gogoro Network
53,榮星花園地下停車場B1F站,中山區,臺北市中山區建國北路三段39號,24,121.5379837,25.06384013,Gogoro Network
54,7-ELEVEN 榮鑫店站,中山區,臺北市中山區建國北路三段89及91號前,32,121.5369872,25.06575834,Gogoro Network
55,台北捷運劍南路站,中山區,臺北市中山區北安路798號,60,121.5544635,25.08473822,Gogoro Network
56,Gogoro 新生市民服務中心站,中山區,臺北市中山區新生北路一段23號1樓,40,121.5316305,25.04708992,Gogoro Network
57,臺北市新壽公園站,中山區,臺北市中山區新生北路三段3巷56號對面,60,121.5316305,25.063185,Gogoro Network
58,臺北市新生北廣場停車場站,中山區,臺北市中山區新生北路—段36號前,120,121.528222,25.0553531,Gogoro Network
59,遼寧街機車停車場站,中山區,臺北市中山區遼寧街185巷7弄,60,121.5430828,25.05382209,Gogoro Network
60,Gogoro 光華八德店站,中正區,臺北市中正區八德路一段27號,16,121.5312496,25.0441128,Gogoro Network
61,機器人王國站,中正區,臺北市中正區中華路二段165號,16,121.5042449,25.0307505,Gogoro Network
62,公館水岸新世界機車臨時平面停車場站,中正區,臺北市中正區汀州路三段160巷8號,120,121.5341845,25.013212,Gogoro Network
63,東吳大學城區部站,中正區,臺北市中正區延平南路133巷底,40,121.50921,25.037858,Gogoro Network
64,全聯中正延平店站,中正區,臺北市中正區延平南路189號,24,121.5075471,25.0337902,Gogoro Network
65,台北喜來登大飯店站,中正區,臺北市中正區忠孝東路一段12號,120,121.5220328,25.0446119,Gogoro Network
66,宏佳騰中正重慶店站,中正區,臺北市中正區重慶南路二段73號,40,121.5152821,25.0302765,Gogoro Network
67,西歐台北自強加油站,內湖區,臺北市內湖區內湖路一段146號,32,121.5639926,25.08532176,Gogoro Network
68,西湖公園站,內湖區,臺北市內湖區內湖路一段387巷38號,60,121.5709067,25.08293915,Gogoro Network
69,Gogoro 內湖西湖服務中心站,內湖區,臺北市內湖區內湖路一段411巷19弄17號,24,121.5724446,25.08259669,Gogoro Network
70,臺北市立圖書館西湖分館站,內湖區,臺北市內湖區內湖路一段594號,90,121.5783744,25.07890181,Gogoro Network
71,家樂福內湖店站,內湖區,臺北市內湖區民善街88號,30,121.4998193,25.13802488,Gogoro Network
72,台北市網球中心站,內湖區,臺北市內湖區民權東路六段208號,120,121.5974365,25.06777247,Gogoro Network
73,Gogoro 台北內湖服務中心站,內湖區,臺北市內湖區民權東路六段296巷66-3號,40,121.6091224,25.07154929,Gogoro Network
74,臺北市內湖焚化廠站,內湖區,臺北市內湖區安康路228巷11號對面(機車停車場內),60,121.603495,25.062583,Gogoro Network
75,台北捷運大湖公園站,內湖區,臺北市內湖區成功路五段11號捷運站1號出口,60,121.602302,25.083997,Gogoro Network
76,CITYLINK 內湖店站,內湖區,臺北市內湖區成功路四段188號,60,121.594626,25.08707782,Gogoro Network
77,內湖運動中心站,內湖區,臺北市內湖區洲子街12號,40,121.5752679,25.07841091,Gogoro Network
78,7-ELEVEN 瓏馬店站,內湖區,臺北市內湖區康樂街213號,24,121.6226913,25.0773021,Gogoro Network
79,遠傳總部大樓站,內湖區,臺北市內湖區瑞光路468號,40,121.570231,25.07714177,Gogoro Network
80,IKEA 內湖店站,內湖區,臺北市內湖區舊宗路一段128號,60,121.5781569,25.06115294,Gogoro Network
81,麗車坊內湖旗艦店站,內湖區,臺北市內湖區舊宗路一段86號,60,121.5796129,25.05961456,Gogoro Network
82,台亞堤頂交流道加油站,內湖區,臺北市內湖區舊宗路二段111號,60,121.5750844,25.06917609,Gogoro Network
83,全家明興店站,文山區,臺北市文山區木柵路二段109巷25弄2號1樓、2-1號,40,121.5645163,24.9907731,Gogoro Network
84,Gogoro 文山木新門市站,文山區,臺北市文山區木新路三段187號一樓,40,121.5611114,24.98261795,Gogoro Network
85,全家名門店站,文山區,臺北市文山區和平東路四段95號,40,121.5692799,25.00621441,Gogoro Network
86,台塑政大加油站,文山區,臺北市文山區指南路一段53號,40,121.5745869,24.98938637,Gogoro Network
87,全家政富店站,文山區,臺北市文山區指南路二段145號,24,121.5770046,24.98789466,Gogoro Network
88,景美國小地下停車場B1F站,文山區,臺北市文山區景文街142巷2號B1樓,40,121.5406464,24.98887887,Gogoro Network
89,臺北花木批發市場地下停車場B1F站,文山區,臺北市文山區興隆路一段15號1、2、3樓及B1停車區,24,121.5394151,25.0056011,Gogoro Network
90,台塑福華加油站,文山區,臺北市文山區興隆路二段244巷1號,120,121.5588798,25.00152191,Gogoro Network
91,台北捷運復興崗站,北投區,臺北市北投區中央北路三段53巷10號捷運站1號出口,60,121.4873731,25.13858166,Gogoro Network
92,台北捷運忠義站,北投區,臺北市北投區中央北路四段301號捷運站1號出口,60,121.4801633,25.13143296,Gogoro Network
93,振興公園地下停車場B1F站,北投區,臺北市北投區天母西路112號B1,48,121.5247094,25.11946571,Gogoro Network
94,Gogoro 北投文林北門市站,北投區,臺北市北投區文林北路230號1樓,64,121.5150589,25.10878015,Gogoro Network
95,台北捷運石牌站,北投區,臺北市北投區石牌路一段200號,60,121.51553,25.1143,Gogoro Network
96,北投運動中心站,北投區,臺北市北投區石牌路一段39巷100號,40,121.5104485,25.11667719,Gogoro Network
97,第一銀行北投分行站,北投區,臺北市北投區光明路133號1、2樓前,48,121.5022686,25.13474583,Gogoro Network
98,台北捷運北投站,北投區,臺北市北投區光明路1號,60,121.4993081,25.13191254,Gogoro Network
99,台北捷運唭哩岸站,北投區,臺北市北投區西安街二段253號對面,60,121.5124356,25.12164166,Gogoro Network
100,台亞承德加油站,北投區,臺北市北投區承德路七段303號旁,120,121.5048859,25.11704957,Gogoro Network
101,台北捷運明德站,北投區,臺北市北投區明德路95號旁,60,121.5189338,25.10993471,Gogoro Network
102,蒲園商旅站,松山區,臺北市松山區八德路四段176號,24,121.5637299,25.0485932,Gogoro Network
103,Gogoro 饒河服務中心站,松山區,臺北市松山區八德路四段650號,40,121.5752861,25.04999872,Gogoro Network
104,松山區公所站,松山區,臺北市松山區八德路四段692號,120,121.5775737,25.05015855,Gogoro Network
105,家樂福三民店2F站,松山區,臺北市松山區三民路160號,40,121.5644273,25.06192961,Gogoro Network
106,民生配水池加壓站停車場站,松山區,臺北市松山區民生東路四段133號車道出口旁,40,121.5537601,25.05906844,Gogoro Network
107,民有市場地下停車場B1F站,松山區,臺北市松山區民權東路三段140巷15號,40,121.5472286,25.06077033,Gogoro Network
108,第一銀行延吉站,松山區,臺北市松山區延吉街13號,120,121.5541235,25.04659196,Gogoro Network
109,合作金庫銀行總行站,松山區,臺北市松山區長安東路二段225號,60,121.5454852,25.04907926,Gogoro Network
110,全家新健康店站,松山區,臺北市松山區南京東路四段133巷9弄2號,32,121.5578828,25.05239142,Gogoro Network
111,吉盛汽車有限公司站,松山區,臺北市松山區濱江街375號,40,121.5532963,25.07287647,Gogoro Network
112,應安168 永吉場停車場站,信義區,臺北市信義區永吉路120巷83號旁,90,121.5712541,25.04274801,Gogoro Network
113,春光公園地下停車場B1F站,信義區,臺北市信義區忠孝東路 5 段 666 號,40,121.5815197,25.04267331,Gogoro Network
114,松山工農地下停車場B1F站,信義區,臺北市信義區忠孝東路五段236巷15號,32,121.5726493,25.03944224,Gogoro Network
115,台北市環保局三張犁分隊部站,信義區,臺北市信義區忠孝東路五段257號後門,30,121.5714482,25.04171844,Gogoro Network
116,全家新忠隆店站,信義區,臺北市信義區忠孝東路五段71巷8號,32,121.56545,25.04104049,Gogoro Network
117,Gogoro 信義松仁服務中心站,信義區,臺北市信義區松仁路174號,16,121.5686362,25.02829602,Gogoro Network
118,臺北市松隆平面停車場站,信義區,臺北市信義區松隆路282號前,60,121.5753,25.0483,Gogoro Network
119,府前廣場地下停車場B1F站,信義區,臺北市信義區松壽路1號,40,121.5629043,25.03638523,Gogoro Network
120,台北市公共運輸處大樓站,信義區,臺北市信義區信義路五段300號後,30,121.5737619,25.03181013,Gogoro Network
121,宏佳騰台北基隆路店站,信義區,臺北市信義區基隆路一段131號,40,121.567561,25.04434453,Gogoro Network
122,臺北市災害應變中心地下停車場B1F站,信義區,臺北市信義區莊敬路391巷11弄2號,40,121.5668278,25.02912053,Gogoro Network
123,臺北市公有成德市場站,南港區,臺北市南港區同德路100號,90,121.5874931,25.04639714,Gogoro Network
124,日月亭南港站地下及立體停車場B1F站,南港區,臺北市南港區忠孝東路七段265號B1F配電室,40,121.6036648,25.05213829,Gogoro Network
125,玉成國小地下停車場B1F站,南港區,臺北市南港區昆陽街23號B1樓,40,121.5874641,25.04272456,Gogoro Network
126,全家研究院店站,南港區,臺北市南港區研究院路2段70巷1號,24,121.6154659,25.04598182,Gogoro Network
127,台北捷運內湖機廠站,南港區,臺北市南港區經貿一路265號,16,121.6186549,25.06140001,Gogoro Network
128,南港國小地下停車場B1F站,南港區,臺北市南港區興東街59號地下一樓,40,121.6122516,25.05674162,Gogoro Network
129,艋舺公園地下停車場B1F站,萬華區,臺北市萬華區西園路一段145號,24,121.5001462,25.03582368,Gogoro Network
130,萬華國中地下停車場B1F站,萬華區,臺北市萬華區西藏路201號,40,121.4997646,25.02803863,Gogoro Network
131,峨眉立體停車場B1F站,萬華區,臺北市萬華區峨眉街83號,40,121.5061729,25.04426177,Gogoro Network
132,家樂福桂林店站,萬華區,臺北市萬華區桂林路1號,40,121.5064643,25.03816226,Gogoro Network
133,山隆萬大加油站,萬華區,臺北市萬華區萬大路207號,24,121.501272,25.02754392,Gogoro Network
134,山隆華中加油站,萬華區,臺北市萬華區萬大路388號,24,121.4991193,25.02208019,Gogoro Network
135,洛陽綜合立體停車場B1F站,萬華區,臺北市萬華區環河南路一段1號,40,121.5058131,25.04796384,Gogoro Network
136,臺北市公有環南市場站,萬華區,臺北市萬華區環河南路二段245號,120,121.4907075,25.02931863,Gogoro Network
137,台灣柒天精品旅店站,萬華區,臺北市萬華區環河南路二段282號,120,121.4915835,25.03228188,Gogoro Network
138,臺北市大龍公園站,大同區,臺北市大同區大龍街262號(近大龍夜市商圈),60,121.5165908,25.07080662,Gogoro Network
139,光華數位新天地站,中正區,臺北市中正區市民大道三段8號(近市民大道三段/金山北路口),90,121.53169,25.045537,Gogoro Network
140,臺北市永吉路120巷平面停車場站,信義區,臺北市信義區永吉路120巷83號(近永吉路120巷22弄松隆路口),60,121.569756,25.044365,Gogoro Network
141,石牌愛心加油站,北投區,臺北市北投區承德路七段139號,30,121.508692,25.112564,Gogoro Network
142,臺北市象山公園站,信義區,臺北市信義區信義路五段150巷與松仁路153巷口電池交換站,90,121.56968,25.02986,Gogoro Network
143,USPACE 中油福林停車場站,士林區,臺北市士林區中山北路五段465號旁電池交換站,120,121.52719,25.09251,Gogoro Network
144,臺北市蔣渭水紀念公園站,大同區,臺北市大同區歸綏街79巷11號,60,121.51697,25.05942,Gogoro Network
145,臺北市考選部國家考場站,文山區,臺北市文山區木柵路一段70巷3號對面電池交換站,120,121.54911,24.98657,Gogoro Network
146,台新金控大樓站 ,大安區,臺北市大安區仁愛路四段118號,30,121.5499,25.03734,Gogoro Network
147,臺北市興隆市場站 ,文山區,臺北市文山區興隆路二段97號(近興隆路二段/興隆路二段123巷交叉口),120,121.5473796,25.00016875,Gogoro Network
148,宏佳騰大安和平店站,大安區,臺北市大安區和平東路三段228巷47號(近安居街60巷口) ,60,121.5533564,25.02067222,Gogoro Network
149,臺北市民權公園站A,松山區,臺北市松山區民權東路四段180號旁(近民權公園地下停車場出入口),90,121.5595667,25.06185428,Gogoro Network
150,應安168 福州停車場站A,中正區,臺北市中正區福州街62號(近福州街/汀州路二段13巷口),120,121.5158021,25.02692725,Gogoro Network
151,臺北市中山市場站,中山區,臺北市中山區長安西路3號,60,121.5215292,25.05015383,Gogoro Network
152,臺北市國家兩廳院站,中正區,臺北市中正區中山南路21-1號,150,121.5198517,25.03686331,Gogoro Network
153,臺北市安祥公園旁平面停車場站,大安區,臺北市大安區信義路3段157巷10弄2號旁,60,121.5429808,25.03442587,Gogoro Network
154,太平洋建設德行東路站,士林區,臺北市士林區德行東路249號旁站,60,121.5347532,25.10997951,Gogoro Network
155,臺北市中山區興安街站,中山區,臺北市中山區興安街近合江街口,120,121.5384165,25.05820452,Gogoro Network
156,臺北市信義廣場站,信義區,臺北市信義區松廉路/松智路交叉口,120,121.5659929,25.03417064,Gogoro Network
157,臺北市中山公園站,信義區,臺北市信義區仁愛路四段505號,120,121.5589805,25.03883697,Gogoro Network
158,臺北市樂活公園站,內湖區,臺北市內湖區康樂街61巷2號對面,60,121.619044,25.06883351,Gogoro Network
159,台北捷運奇岩站,北投區,臺北市北投區三合街二段489號,60,121.5016232,25.12626944,Gogoro Network
160,臺北市玉泉公園站,大同區,臺北市大同區西寧北路28號,120,121.5078246,25.05030398,Gogoro Network
161,臺北市萬華站前廣場站,萬華區,臺北市萬華區康定路380號旁,48,121.5006155,25.03420538,Gogoro Network
162,臺北市南港區向陽路站,南港區,臺北市南港區向陽路80號旁100公尺電池交換站,120,121.5953492,25.0529845,Gogoro Network
163,Gogoro萬華南寧門市站,萬華區,臺北市萬華區南寧路62、64、66號(近三水街口),30,121.5039957,25.03552233,Gogoro Network
164,臺北市健康公宅站,松山區,臺北市松山區健康路305號前方(近健康路/延壽街72巷口),120,121.5652018,25.05460301,Gogoro Network
165,臺北植物園站,中正區,臺北市中正區和平西路二段102號前(近和平西路二段104巷口),120,121.5085667,25.03086797,Gogoro Network
166,國立臺北教育大學產學合作暨育成中心站,中正區,臺北市中正區和平西路一段90號(近牯嶺街84巷內),60,121.5184127,25.02660553,Gogoro Network
167,臺北市大同區承德路三段站,大同區,臺北市大同區承德路三段237號前,90,121.5200258,25.07166329,Gogoro Network
168,台北捷運新北投站,北投區,臺北市北投區大業路700號,60,121.5021634,25.13727433,Gogoro Network
169,臺北市前港公園站,士林區,臺北市士林區前港街45號,60,121.52113,25.08598575,Gogoro Network
170,臺北市華江高中站,萬華區,臺北市萬華區西藏路213號,60,121.4971296,25.02847986,Gogoro Network
171,臺北市民權東路四段站,松山區,臺北市松山區敦化北路405巷123弄3號前,60,121.5566885,25.06350823,Gogoro Network
172,新豐騎士用品店(便利換電站),大同區,臺北市大同區承德路三段291號,4,121.5208279,25.07549817,光捷
173,皇欣改裝精品,中正區,臺北市中正區和平西路二段58號,4,121.5123601,25.0291745,光捷
174,嘉盛車業行,士林區,臺北市士林區延平北路六段139號,7,121.5076678,25.08920432,光捷
175,福元機車有限公司,士林區,臺北市士林區重慶北路四段232號1樓,7,121.5111066,25.0852693,光捷
176,車王二輪社,大安區,臺北市大安區延吉街64之1號,7,121.5539173,25.04349341,光捷
177,永昌盛機車行,中山區,臺北市中山區吉林路445號1樓,7,121.5305439,25.0675457,光捷
178,名佳車業行,中山區,臺北市中山區錦州街310-1號,7,121.5422103,25.06103993,光捷
179,四維通車業有限公司,內湖區,臺北市內湖區民權東路六段128號,7,121.587659,25.06898304,光捷
180,成功車業行,內湖區,臺北市內湖區金龍路9號,7,121.5958352,25.08480454,光捷
181,全嘉車業有限公司,文山區,臺北市文山區木新路三段37號,7,121.5650893,24.98249561,光捷
182,瀚立車業行,文山區,臺北市文山區恆光街19號,7,121.5668283,24.98379441,光捷
183,三育機車有限公司,文山區,臺北市文山區景隆街56號,7,121.5443335,24.99857474,光捷
184,高旺企業股份有限公司,文山區,臺北市文山區羅斯福路五段182號,4,121.53859,25.00426014,光捷
185,力通機車有限公司,北投區,臺北市北投區公館路146號,7,121.5057417,25.12944925,光捷
186,順達機車行,北投區,臺北市北投區立農街二段206號,7,121.5145577,25.11899267,光捷
187,光宇車業有限公司,松山區,臺北市松山區民生東路五段57號,7,121.5579275,25.05877097,光捷
188,光明車業有限公司,信義區,臺北市信義區基隆路二段165號,7,121.5543161,25.02558909,光捷
189,強亞輪業有限公司,南港區,臺北市南港區中坡南路43號,7,121.5836944,25.04314773,光捷
190,大輝車業有限公司,南港區,臺北市南港區忠孝東路七段600號,4,121.6156115,25.05312099,光捷
191,安忻(能源站),南港區,臺北市南港區南港路三段314巷16號1樓,7,121.5813919,25.05228385,光捷
192,興揚(能源站),南港區,臺北市南港區南港路三段16巷4號,7,121.5934254,25.05498517,光捷
193,東龍旺車業有限公司,萬華區,臺北市萬華區東園街133號,7,121.4970083,25.02508332,光捷
194,尚億車業有限公司,萬華區,臺北市萬華區萬大路500號,7,121.5000237,25.02030775,光捷
195,英全車業有限公司,中山區,臺北市中山區北安路656號1樓?,4,121.5493443,25.08382509,光捷
196,加祥(能源站),大同區,臺北市大同區延平北路2段256號?,4,121.5114409,25.06045145,光捷
197,達誠車業有限公司,中山區,臺北市中山區吉林路12之3號?,7,121.5311898,25.05059332,光捷
198,福盛全有限公司,北投區,臺北市北投區中央南路1段210號,7,121.5013856,25.12890258,光捷
199,南港高工,南港區,臺北市南港區興中路29號,7,121.6076633,25.05656839,光捷
200,和雲台北忠孝站,南港區,臺北市南港區忠孝東路六段135號,7,121.5859992,25.0488256,光捷
201,技專車業行,南港區,臺北市南港區昆陽街157巷11號,4,121.5949128,25.0502005,光捷
202,后里車業有限公司,中正區,臺北市中正區牯嶺街47號,7,121.5159249,25.03141645,光捷
203,強亞輪業有限公司,南港區,臺北市南港區研究院路1段185號,7,121.6164111,25.04980698,光捷
204,家樂福台北三民店,松山區,臺北市松山區三民路160號,4,121.5642931,25.06193449,光捷
205,家樂福天母店,士林區,臺北市士林區德行西路47號,4,121.5229597,25.10540916,光捷
206,家樂福內湖店,內湖區,臺北市內湖區民善街88號,4,121.575328,25.06042721,光捷
207,捷利機車行,北投區,臺北市北投區大同街202之2號,4,121.4998193,25.13802488,光捷
208,聯盈機車材料行,北投區,臺北市北投區中央北路四段545號,4,121.468654,25.12782277,光捷
209,雄發車業,北投區,臺北市北投區吉利街119號,4,121.5065871,25.11891072,光捷
210,"德龍車業
",士林區,"臺北市士林區故宮路41巷1號

",4,121.5479477,25.09677101,光捷
211,"旭峰車業
",中山區,"臺北市中山區北安路670巷9號

",4,121.5499324,25.08431447,光捷
212,"禾豐精品
",大同區,"臺北市大同區庫倫街1號

",4,121.5176059,25.07231035,光捷
213,"達美亞機車精品店
",大同區,"臺北市大同區酒泉街187號

",4,121.5126108,25.07227569,光捷
214,"進揚機車行
",大同區,"臺北市大同區重慶北路二段164號

",4,121.5138116,25.05933843,光捷
215,"中一車業行
",大同區,臺北市大同區蘭州街42號,4,121.514767,25.06281392,光捷
216,"萊爾富-北市山擎站
",中山區,臺北市中山區天祥路70號,4,121.521309,25.06260701,光捷
217,"萊爾富-北市中原二站
",中山區,"臺北市中山區中原街77號

",4,121.5295097,25.05923376,光捷
218,"展欣豪車業有限公司
",中山區,"臺北市中山區民權東路二段126號

",4,121.5333472,25.06249826,光捷
219,"明欣機車行
",中山區,"臺北市中山區吉林路401號

",4,121.5310708,25.06598765,光捷
220,"中山松江路站
",中山區,"臺北市中山區松江路534號

",4,121.5334602,25.0672472,光捷
221,"萊爾富-北市山華站
",中山區,臺北市中山區長春路208號,4,121.5377151,25.05482913,光捷
222,"建成機車
",萬華區,"臺北市萬華區萬大路424巷83號

",4,121.4962226,25.02152826,光捷
223,"建安重車有限公司
",信義區,"臺北市信義區嘉興街181巷6號

",4,121.5573556,25.02624727,光捷
224,辰昶車業,信義區,"臺北市信義區信安街80號

",4,121.557637,25.02622298,光捷
225,"黑騎士工坊
",大安區,"臺北市大安區通化街19巷39號

",4,121.5567353,25.03183807,光捷
226,"益昇機車行
",信義區,"臺北市信義區莊敬路214號

",4,121.5623256,25.03036309,光捷
227,大仁北醫店,信義區,"臺北市信義區莊敬路325巷38號

",4,121.5651609,25.02875802,光捷
228,"和撒那車業行
",信義區,"臺北市信義區吳興街281巷52號

",4,121.5663218,25.02659015,光捷
229,"德勝車業
",文山區,"臺北市文山區興隆路一段139號

",4,121.5426705,25.00206672,光捷
230,"旺佳車業
",文山區,"臺北市文山區羅斯福路六段52號

",4,121.539949,24.99940443,光捷
231,"三育機車
",文山區,"臺北市文山區景隆街54號

",4,121.5450307,24.99847788,光捷
232,"興陽車業行
",文山區,"臺北市文山區興隆路二段155號

",4,121.5490989,25.0007662,光捷
233,"鋒權輪機車精品
",文山區,"臺北市文山區興隆路二段249號

",4,121.5523887,25.00216228,光捷
234,"旺利車業行
",文山區,"臺北市文山區興隆路二段243號

",4,121.5516463,25.00209479,光捷
235,"祥騰機車行
",文山區,"臺北市文山區景興路94號

",4,121.5450664,24.99494677,光捷
236,"青林車業
",文山區,"臺北市文山區景興路172號

",4,121.5447272,24.99299995,光捷
237,"台北昇興車業行
",文山區,"臺北市文山區木新路三段356號

",4,121.5551192,24.98056954,光捷
238,"嘉能事業有限公司
",文山區,"臺北市文山區木新路三段29號

",19,121.5650919,24.98269853,光捷
239,"晨間廚房-木柵景文店
",文山區,"臺北市文山區木新路二段165號

",4,121.5694663,24.98390841,光捷
240,"宏大機車行
",文山區,"臺北市文山區木新路二段112號

",4,121.5703171,24.98481088,光捷
241,"運詳機車有限公司
",文山區,"臺北市文山區久康街1號

",4,121.5645785,24.98889912,光捷
242,"益欣車業
",文山區,"臺北市文山區木柵路二段109巷23號

",4,121.5637258,24.98977803,光捷
243,"翔偉機車行
",信義區,"臺北市信義區福德街66號

",4,121.5814398,25.03733005,光捷
244,"惠展車業有限公司
",南港區,"臺北市南港區福德街354號

",4,121.5897872,25.03998735,光捷
245,"力鼎機車行
",信義區,"臺北市信義區基隆路一段99號

",4,121.5682075,25.04575462,光捷
246,"群輝車業
",信義區,"臺北市信義區永吉路237號

",4,121.5750101,25.04587206,光捷
247,"鴻源機車行
",信義區,"臺北市信義區松隆路292號

",4,121.5770242,25.04825838,光捷
248,"宸鴻機車行
",南港區,"臺北市南港區中坡北路60巷1號

",4,121.581612,25.0469988,光捷
249,"研究院路二段站
",南港區,"臺北市南港區研究院路二段84巷3號

",4,121.6156678,25.0453425,光捷
250,極智機車行,南港區,"臺北市南港區南港路一段279號

",4,121.6088869,25.05478997,光捷
251,"南港中南街站
",南港區,"臺北市南港區中南街101號

",4,121.6158158,25.05307273,光捷
252,"豐祥機車行
",南港區,"臺北市南港區興中路78號

",4,121.6070546,25.05754205,光捷
253,"興揚機車有限公司
",南港區,臺北市南港區南港路三段16巷4號,4,121.5931357,25.05481023,光捷
254,新明機車材料行,內湖區,"臺北市內湖區新明路304-1號

",4,121.5827777,25.05578973,光捷
255,"好記機車行
",松山區,"臺北市松山區民權東路五段19號

",4,121.5663423,25.06369323,光捷
256,"洗洋洋松山場
",松山區,"臺北市松山區撫遠街403巷(濱江段一小段399地號)

",4,121.5665724,25.06639925,光捷
257,"興陽機車行
",內湖區,"臺北市內湖區五分街39號

",4,121.6142881,25.06767449,光捷
258,"國立車業
",內湖區,"臺北市內湖區康樂街95號

",4,121.6196259,25.07030339,光捷
259,"柏成車業
",內湖區,"臺北市內湖區成功路四段331號

",4,121.5998381,25.08463457,光捷
260,"大祥機車行
",內湖區,"臺北市內湖區星雲街61號

",4,121.5926992,25.07918974,光捷
261,"昇陽綠能
",內湖區,"臺北市內湖區成功路三段90號

",19,121.5897722,25.07885308,光捷
262,北投自強街站,北投區,臺北市北投區自強街5巷45號,4,121.5122997,25.11096725,光捷
263,百傑車業行,北投區,臺北市北投區中央北路二段303號,4,121.4904353,25.138511,光捷
264,葉陽車業行,內湖區,臺北市內湖區民權東路六段320號,4,121.6066143,25.0731417,光捷
265,萊爾富-北市松育站,松山區,臺北市松山區八德路三段119號,4,121.5546201,25.04857776,光捷
266,萊爾富-北市奇岩站,北投區,臺北市北投區中央南路二段5、7號,4,121.5004589,25.1262101,光捷
267,萊爾富-北市安興站,大安區,臺北市大安區復興南路2段148號1樓全部,4,121.5432057,25.02824972,光捷
268,萊爾富-北市延平二站,士林區,臺北市士林區延平北路五段138號,4,121.5111257,25.08219515,光捷
269,萊爾富-北市社子站,士林區,臺北市士林區社子街63巷2號,4,121.5072796,25.08774355,光捷
270,萊爾富-士林花好站,士林區,臺北市士林區重慶北路四段78號及80號,4,121.513967,25.08225956,光捷
271,萊爾富-北市立農站,北投區,臺北市北投區義理街96號及立農街2段292號,4,121.5163503,25.11854301,光捷
272,萊爾富-內湖樂康站,內湖區,臺北市內湖區康樂街136巷18弄1號一樓,4,121.61822,25.07205385,光捷
273,萊爾富-北市安泰站,內湖區,臺北市內湖區安泰街31號一樓,4,121.618269,25.07379409,光捷
274,萊爾富-北市金碧站,內湖區,臺北市內湖區金龍路64、66號壹樓全部,4,121.5935542,25.08507936,光捷
275,萊爾富-北市湖康站,內湖區,臺北市內湖區文湖街21巷26、28號1樓,4,121.5606548,25.08673204,光捷
276,萊爾富-南港慈祐宮站,南港區,臺北市南港區南港路三段358、360號一樓,4,121.5803442,25.05179527,光捷
277,萊爾富-北市文武站,文山區,臺北市文山區羅斯福路五段203號,4,121.5396743,25.00259018,光捷
278,萊爾富-文山大王站,文山區,臺北市文山區木新路二段141、143號一樓,4,121.5693513,24.98403496,光捷
279,凱捷智慧電能,南港區,臺北市南港區忠孝東路七段600號,19,121.6158154,25.05315987,光捷
280,瀚立車業行,文山區,臺北市文山區恆光街19號 ,4,121.5668153,24.98379466,光捷
281,尚億車業有限公司,萬華區,臺北市萬華區萬大路500號,4,121.4972265,25.0196077,光捷
282,成豈車業,南港區,臺北市南港區東新街8之5號 ,4,121.5833873,25.0501376,光捷
283,便利購士林雨聲店,士林區,臺北市士林區雨聲街52號、52-1號、52巷1號 ,4,121.5288109,25.10308403,光捷
284,便利購台北酒泉店,大同區,臺北市大同區酒泉街105號,4,121.5152581,25.07234356,光捷
285,正中機車行,萬華區,臺北市萬華區雙和街75號,4,121.5007469,25.02767565,光捷
286,日新汽車,松山區,臺北市松山區八德路四段282號 ,4,121.5667291,25.04919566,光捷
287,萬華西藏路站,萬華區,臺北市萬華區西藏路450之3號,4,121.4962681,25.02945555,光捷
288,萊爾富北市同安店,大同區,臺北市大同區重慶北路一段63號,4,121.5141162,25.05198943,光捷
289,萊爾富北市南港二店,南港區,臺北市南港區忠孝東路七段639號,4,121.6160708,25.05356383,光捷
290,草山車業,北投區,臺北市北投區東陽街470號1樓 ,4,121.5197862,25.11232253,光捷
291,玖宏車業,大同區,臺北市大同區雙連街45號,4,121.5189841,25.05920336,光捷
292,宇樂汽車商行,北投區,臺北市北投區立賢路63號 ,4,121.5037992,25.11515269,光捷
293,炫超車業,文山區,臺北市文山區興隆路四段23號,4,121.5593922,24.99082647,光捷
294,昕蕎髮藝,北投區,臺北市北投區永興路一段31號,4,121.5000055,25.13950937,光捷
295,金輪機車行,士林區,臺北市士林區中山北路六段405巷79號,4,121.5261143,25.1172756,光捷
296,尚興車業行,中正區,臺北市中正區中華路二段173號,4,121.5042325,25.03081668,光捷
297,中油信義路站,大安區,臺北市大安區信義路四段374號,40,121.5562328,25.03302505,中油
298,中油新生北路站,中山區,臺北市中山區新生北路二段71號,40,121.5281018,25.05676356,中油
299,中油內湖麗山街站,內湖區,臺北市內湖區內湖路一段362號,40,121.5710866,25.08143205,中油
300,中油西湖站,內湖區,臺北市內湖區內湖路一段59號,24,121.5602891,25.08513727,中油
301,中油東湖站,內湖區,臺北市內湖區康寧路三段225號,24,121.613092,25.06860741,中油
302,中油康寧加油站,內湖區,臺北市內湖區康寧路三段30號,30,121.6092471,25.07219252,中油
303,中油萬隆站,文山區,臺北市文山區興隆路一段13號,40,121.540142,25.00458439,中油
304,中油北投加油站,北投區,臺北市北投區承德路七段384號,40,121.5023658,25.11960251,中油
305,中油民生東路站,松山區,臺北市松山區三民路126號,30,121.5639436,25.05962103,中油
306,中油復興北路加油站,松山區,臺北市松山區復興北路31號,40,121.5446628,25.04979686,中油
307,中油中崙站,中山區,臺北市中山區八德路二段214號,9,121.5403365,25.04612502,中油
308,中油福林站,士林區,臺北市士林區中山北路五段465號,9,121.5278104,25.09262725,中油
309,中油內湖站,內湖區,臺北市內湖區民權東路六段50號,9,121.5842132,25.06877747,中油
310,中油新生南路站,大安區,臺北市大安區仁愛路三段1號,9,121.5334403,25.03874994,中油
311,中油南港站,南港區,臺北市南港區南港路二段50號,9,121.6050689,25.05432449,中油
312,中油汀州路站,中正區,臺北市中正區汀州路三段1號,9,121.5263773,25.02087614,中油
313,中油富陽街站,大安區,臺北市大安區富陽街129號,9,121.5570358,25.01920241,中油
314,中油林森北路站,中正區,臺北市中正區林森北路11號,9,121.5241696,25.04603962,中油
315,降2元加油站,北投區,臺北市北投區承德路六段359號,7,121.5120166,25.10670819,中油
